{
  "image_size": {
    "width": 2382,
    "height": 3368
  },
  "aruco_markers": [
    {
      "id": 3,
      "corners": [
        [
          2140.0,
          2951.0
        ],
        [
          2245.0,
          2951.0
        ],
        [
          2245.0,
          3056.0
        ],
        [
          2140.0,
          3056.0
        ]
      ],
      "center": [
        2192.5,
        3003.5
      ]
    },
    {
      "id": 2,
      "corners": [
        [
          135.0,
          2951.0
        ],
        [
          240.0,
          2951.0
        ],
        [
          240.0,
          3056.0
        ],
        [
          135.0,
          3056.0
        ]
      ],
      "center": [
        187.5,
        3003.5
      ]
    },
    {
      "id": 1,
      "corners": [
        [
          2140.0,
          311.0
        ],
        [
          2245.0,
          311.0
        ],
        [
          2245.0,
          417.0
        ],
        [
          2140.0,
          417.0
        ]
      ],
      "center": [
        2192.5,
        364.0
      ]
    },
    {
      "id": 0,
      "corners": [
        [
          135.0,
          311.0
        ],
        [
          240.0,
          311.0
        ],
        [
          240.0,
          417.0
        ],
        [
          135.0,
          417.0
        ]
      ],
      "center": [
        187.5,
        364.0
      ]
    }
  ],
  "exam_model_bubbles": [
    {
      "model_option": 0,
      "model_letter": "A",
      "relative_contour": [
        [
          0.26238455079764905,
          0.05938242280285035
        ],
        [
          0.2619647355163728,
          0.06086698337292162
        ],
        [
          0.26154492023509657,
          0.062351543942992874
        ],
        [
          0.26028547439126787,
          0.06353919239904988
        ],
        [
          0.2590260285474391,
          0.06502375296912113
        ],
        [
          0.2577665827036104,
          0.06591448931116389
        ],
        [
          0.25608732157850544,
          0.06680522565320665
        ],
        [
          0.25398824517212426,
          0.06769596199524941
        ],
        [
          0.2518891687657431,
          0.06799287410926366
        ],
        [
          0.2497900923593619,
          0.06828978622327792
        ],
        [
          0.24769101595298068,
          0.06799287410926366
        ],
        [
          0.2455919395465995,
          0.06769596199524941
        ],
        [
          0.24391267842149456,
          0.06680522565320665
        ],
        [
          0.24181360201511334,
          0.06591448931116389
        ],
        [
          0.24055415617128464,
          0.06502375296912113
        ],
        [
          0.23929471032745592,
          0.06353919239904988
        ],
        [
          0.2380352644836272,
          0.062351543942992874
        ],
        [
          0.23761544920235098,
          0.06086698337292162
        ],
        [
          0.23719563392107473,
          0.05938242280285035
        ],
        [
          0.23761544920235098,
          0.057897862232779096
        ],
        [
          0.2380352644836272,
          0.05641330166270784
        ],
        [
          0.23929471032745592,
          0.05492874109263658
        ],
        [
          0.24055415617128464,
          0.05374109263657957
        ],
        [
          0.24181360201511334,
          0.05285035629453682
        ],
        [
          0.2434928631402183,
          0.05195961995249406
        ],
        [
          0.2455919395465995,
          0.0510688836104513
        ],
        [
          0.24769101595298068,
          0.05077197149643706
        ],
        [
          0.2497900923593619,
          0.050475059382422804
        ],
        [
          0.2518891687657431,
          0.05077197149643706
        ],
        [
          0.25398824517212426,
          0.0510688836104513
        ],
        [
          0.25608732157850544,
          0.05195961995249406
        ],
        [
          0.2577665827036104,
          0.05285035629453682
        ],
        [
          0.2590260285474391,
          0.05374109263657957
        ],
        [
          0.26028547439126787,
          0.05492874109263658
        ],
        [
          0.26154492023509657,
          0.05641330166270784
        ],
        [
          0.2619647355163728,
          0.057897862232779096
        ]
      ],
      "area": 2697.0,
      "relative_center": [
        0.2497900923593619,
        0.05938242280285035
      ]
    },
    {
      "model_option": 1,
      "model_letter": "B",
      "relative_contour": [
        [
          0.3459277917716205,
          0.05938242280285035
        ],
        [
          0.34550797649034426,
          0.06086698337292162
        ],
        [
          0.345088161209068,
          0.062351543942992874
        ],
        [
          0.3438287153652393,
          0.06353919239904988
        ],
        [
          0.3425692695214106,
          0.06502375296912113
        ],
        [
          0.3413098236775819,
          0.06591448931116389
        ],
        [
          0.3396305625524769,
          0.06680522565320665
        ],
        [
          0.33753148614609574,
          0.06769596199524941
        ],
        [
          0.3354324097397145,
          0.06799287410926366
        ],
        [
          0.3333333333333333,
          0.06828978622327792
        ],
        [
          0.33123425692695213,
          0.06799287410926366
        ],
        [
          0.32913518052057095,
          0.06769596199524941
        ],
        [
          0.327455919395466,
          0.06680522565320665
        ],
        [
          0.3253568429890848,
          0.06591448931116389
        ],
        [
          0.3240973971452561,
          0.06502375296912113
        ],
        [
          0.3228379513014274,
          0.06353919239904988
        ],
        [
          0.32157850545759864,
          0.062351543942992874
        ],
        [
          0.3211586901763224,
          0.06086698337292162
        ],
        [
          0.32073887489504616,
          0.05938242280285035
        ],
        [
          0.3211586901763224,
          0.057897862232779096
        ],
        [
          0.32157850545759864,
          0.05641330166270784
        ],
        [
          0.3228379513014274,
          0.05492874109263658
        ],
        [
          0.3240973971452561,
          0.05374109263657957
        ],
        [
          0.3253568429890848,
          0.05285035629453682
        ],
        [
          0.32703610411418976,
          0.05195961995249406
        ],
        [
          0.32913518052057095,
          0.0510688836104513
        ],
        [
          0.33123425692695213,
          0.05077197149643706
        ],
        [
          0.3333333333333333,
          0.050475059382422804
        ],
        [
          0.3354324097397145,
          0.05077197149643706
        ],
        [
          0.33753148614609574,
          0.0510688836104513
        ],
        [
          0.3396305625524769,
          0.05195961995249406
        ],
        [
          0.3413098236775819,
          0.05285035629453682
        ],
        [
          0.3425692695214106,
          0.05374109263657957
        ],
        [
          0.3438287153652393,
          0.05492874109263658
        ],
        [
          0.345088161209068,
          0.05641330166270784
        ],
        [
          0.34550797649034426,
          0.057897862232779096
        ]
      ],
      "area": 2697.0,
      "relative_center": [
        0.3333333333333333,
        0.05938242280285035
      ]
    },
    {
      "model_option": 2,
      "model_letter": "C",